instance,clients,vehicles,capacity,known_cost,predicted_cost,gap_pct,time_window_violations,capacity_violations,missing_customers,duplicate_customers,depot_return_violations,all_customers_served,num_starts
C101,100,25,200.0,827.3,5770.962375615748,597.5658619141482,0,0,0,0,0,True,100
C102,100,25,200.0,827.3,5531.053214135733,568.5668093963172,0,0,0,0,0,True,100
C103,100,25,200.0,826.3,5535.821048916356,569.952928587239,0,0,0,0,0,True,100
C104,100,25,200.0,822.9,3815.7413199855723,363.6944124420431,0,0,0,0,0,True,100
C105,100,25,200.0,827.3,5770.9623756157525,597.5658619141487,0,0,0,0,0,True,100
